"seuil","prob_pct"
2.41459990233849,2
2.41517995910418,1.997
2.41576001586986,1.993
2.41634007263555,1.987
2.41692012940123,1.984
2.41750018616691,1.978
2.4180802429326,1.977
2.41866029969828,1.975
2.41924035646396,1.972
2.41982041322965,1.968
2.42040046999533,1.965
2.42098052676101,1.962
2.4215605835267,1.96
2.42214064029238,1.953
2.42272069705806,1.95
2.42330075382375,1.946
2.42388081058943,1.946
2.42446086735511,1.942
2.4250409241208,1.938
2.42562098088648,1.935
2.42620103765216,1.932
2.42678109441785,1.931
2.42736115118353,1.928
2.42794120794922,1.925
2.4285212647149,1.921
2.42910132148058,1.918
2.42968137824627,1.916
2.43026143501195,1.913
2.43084149177763,1.909
2.43142154854332,1.904
2.432001605309,1.904
2.43258166207468,1.899
2.43316171884037,1.898
2.43374177560605,1.893
2.43432183237173,1.888
2.43490188913742,1.886
2.4354819459031,1.885
2.43606200266878,1.884
2.43664205943447,1.88
2.43722211620015,1.876
2.43780217296584,1.872
2.43838222973152,1.869
2.4389622864972,1.864
2.43954234326289,1.859
2.44012240002857,1.852
2.44070245679425,1.847
2.44128251355994,1.843
2.44186257032562,1.839
2.4424426270913,1.837
2.44302268385699,1.835
2.44360274062267,1.835
2.44418279738835,1.833
2.44476285415404,1.832
2.44534291091972,1.826
2.4459229676854,1.823
2.44650302445109,1.821
2.44708308121677,1.817
2.44766313798245,1.812
2.44824319474814,1.807
2.44882325151382,1.805
2.44940330827951,1.802
2.44998336504519,1.796
2.45056342181087,1.793
2.45114347857656,1.79
2.45172353534224,1.786
2.45230359210792,1.782
2.45288364887361,1.781
2.45346370563929,1.779
2.45404376240497,1.777
2.45462381917066,1.774
2.45520387593634,1.772
2.45578393270202,1.77
2.45636398946771,1.766
2.45694404623339,1.766
2.45752410299907,1.763
2.45810415976476,1.762
2.45868421653044,1.761
2.45926427329612,1.759
2.45984433006181,1.755
2.46042438682749,1.75
2.46100444359318,1.746
2.46158450035886,1.745
2.46216455712454,1.742
2.46274461389023,1.738
2.46332467065591,1.736
2.46390472742159,1.731
2.46448478418728,1.728
2.46506484095296,1.728
2.46564489771864,1.725
2.46622495448433,1.721
2.46680501125001,1.72
2.46738506801569,1.719
2.46796512478138,1.714
2.46854518154706,1.712
2.46912523831274,1.709
2.46970529507843,1.708
2.47028535184411,1.705
2.4708654086098,1.704
2.47144546537548,1.701
2.47202552214116,1.696
2.47260557890685,1.694
2.47318563567253,1.69
2.47376569243821,1.687
2.4743457492039,1.683
2.47492580596958,1.68
2.47550586273526,1.675
2.47608591950095,1.672
2.47666597626663,1.671
2.47724603303231,1.667
2.477826089798,1.662
2.47840614656368,1.658
2.47898620332936,1.653
2.47956626009505,1.651
2.48014631686073,1.649
2.48072637362641,1.645
2.4813064303921,1.642
2.48188648715778,1.64
2.48246654392347,1.637
2.48304660068915,1.636
2.48362665745483,1.633
2.48420671422052,1.631
2.4847867709862,1.626
2.48536682775188,1.625
2.48594688451757,1.623
2.48652694128325,1.62
2.48710699804893,1.616
2.48768705481462,1.614
2.4882671115803,1.613
2.48884716834598,1.612
2.48942722511167,1.609
2.49000728187735,1.608
2.49058733864303,1.608
2.49116739540872,1.606
2.4917474521744,1.602
2.49232750894009,1.6
2.49290756570577,1.597
2.49348762247145,1.597
2.49406767923714,1.596
2.49464773600282,1.592
2.4952277927685,1.59
2.49580784953419,1.587
2.49638790629987,1.584
2.49696796306555,1.583
2.49754801983124,1.579
2.49812807659692,1.576
2.4987081333626,1.575
2.49928819012829,1.573
2.49986824689397,1.57
2.50044830365965,1.567
2.50102836042534,1.563
2.50160841719102,1.563
2.5021884739567,1.563
2.50276853072239,1.562
2.50334858748807,1.558
2.50392864425376,1.555
2.50450870101944,1.554
2.50508875778512,1.551
2.50566881455081,1.549
2.50624887131649,1.549
2.50682892808217,1.548
2.50740898484786,1.548
2.50798904161354,1.545
2.50856909837922,1.544
2.50914915514491,1.543
2.50972921191059,1.54
2.51030926867627,1.536
2.51088932544196,1.533
2.51146938220764,1.533
2.51204943897332,1.531
2.51262949573901,1.531
2.51320955250469,1.527
2.51378960927038,1.523
2.51436966603606,1.521
2.51494972280174,1.521
2.51552977956743,1.52
2.51610983633311,1.517
2.51668989309879,1.515
2.51726994986448,1.514
2.51785000663016,1.511
2.51843006339584,1.51
2.51901012016153,1.506
2.51959017692721,1.503
2.52017023369289,1.502
2.52075029045858,1.5
2.52133034722426,1.497
2.52191040398994,1.496
2.52249046075563,1.493
2.52307051752131,1.488
2.523650574287,1.485
2.52423063105268,1.484
2.52481068781836,1.481
2.52539074458405,1.478
2.52597080134973,1.477
2.52655085811541,1.474
2.5271309148811,1.472
2.52771097164678,1.47
2.52829102841246,1.467
2.52887108517815,1.461
2.52945114194383,1.457
2.53003119870951,1.455
2.5306112554752,1.453
2.53119131224088,1.45
2.53177136900656,1.444
2.53235142577225,1.439
2.53293148253793,1.436
2.53351153930361,1.433
2.5340915960693,1.427
2.53467165283498,1.425
2.53525170960067,1.424
2.53583176636635,1.423
2.53641182313203,1.42
2.53699187989772,1.417
2.5375719366634,1.415
2.53815199342908,1.415
2.53873205019477,1.413
2.53931210696045,1.412
2.53989216372613,1.408
2.54047222049182,1.406
2.5410522772575,1.405
2.54163233402318,1.403
2.54221239078887,1.399
2.54279244755455,1.398
2.54337250432023,1.396
2.54395256108592,1.394
2.5445326178516,1.391
2.54511267461729,1.389
2.54569273138297,1.388
2.54627278814865,1.385
2.54685284491434,1.383
2.54743290168002,1.381
2.5480129584457,1.378
2.54859301521139,1.374
2.54917307197707,1.372
2.54975312874275,1.368
2.55033318550844,1.368
2.55091324227412,1.364
2.5514932990398,1.361
2.55207335580549,1.361
2.55265341257117,1.359
2.55323346933685,1.357
2.55381352610254,1.355
2.55439358286822,1.353
2.5549736396339,1.351
2.55555369639959,1.349
2.55613375316527,1.348
2.55671380993096,1.347
2.55729386669664,1.344
2.55787392346232,1.343
2.55845398022801,1.34
2.55903403699369,1.338
2.55961409375937,1.338
2.56019415052506,1.336
2.56077420729074,1.331
2.56135426405642,1.328
2.56193432082211,1.327
2.56251437758779,1.325
2.56309443435347,1.322
2.56367449111916,1.319
2.56425454788484,1.314
2.56483460465052,1.311
2.56541466141621,1.308
2.56599471818189,1.305
2.56657477494758,1.304
2.56715483171326,1.302
2.56773488847894,1.301
2.56831494524463,1.299
2.56889500201031,1.297
2.56947505877599,1.293
2.57005511554168,1.291
2.57063517230736,1.286
2.57121522907304,1.284
2.57179528583873,1.284
2.57237534260441,1.279
2.57295539937009,1.278
2.57353545613578,1.273
2.57411551290146,1.269
2.57469556966714,1.264
2.57527562643283,1.263
2.57585568319851,1.261
2.57643573996419,1.259
2.57701579672988,1.255
2.57759585349556,1.251
2.57817591026125,1.25
2.57875596702693,1.247
2.57933602379261,1.245
2.5799160805583,1.243
2.58049613732398,1.241
2.58107619408966,1.24
2.58165625085535,1.239
2.58223630762103,1.239
2.58281636438671,1.237
2.5833964211524,1.235
2.58397647791808,1.235
2.58455653468376,1.233
2.58513659144945,1.23
2.58571664821513,1.23
2.58629670498081,1.228
2.5868767617465,1.226
2.58745681851218,1.224
2.58803687527787,1.215
2.58861693204355,1.214
2.58919698880923,1.212
2.58977704557492,1.211
2.5903571023406,1.21
2.59093715910628,1.21
2.59151721587197,1.209
2.59209727263765,1.207
2.59267732940333,1.206
2.59325738616902,1.205
2.5938374429347,1.204
2.59441749970038,1.202
2.59499755646607,1.2
2.59557761323175,1.2
2.59615766999743,1.197
2.59673772676312,1.195
2.5973177835288,1.194
2.59789784029448,1.194
2.59847789706017,1.194
2.59905795382585,1.192
2.59963801059154,1.191
2.60021806735722,1.189
2.6007981241229,1.188
2.60137818088859,1.187
2.60195823765427,1.187
2.60253829441995,1.184
2.60311835118564,1.183
2.60369840795132,1.182
2.604278464717,1.181
2.60485852148269,1.179
2.60543857824837,1.179
2.60601863501405,1.176
2.60659869177974,1.175
2.60717874854542,1.17
2.6077588053111,1.167
2.60833886207679,1.165
2.60891891884247,1.165
2.60949897560816,1.161
2.61007903237384,1.16
2.61065908913952,1.157
2.61123914590521,1.153
2.61181920267089,1.152
2.61239925943657,1.148
2.61297931620226,1.148
2.61355937296794,1.147
2.61413942973362,1.146
2.61471948649931,1.143
2.61529954326499,1.141
2.61587960003067,1.138
2.61645965679636,1.133
2.61703971356204,1.132
2.61761977032772,1.132
2.61819982709341,1.131
2.61877988385909,1.128
2.61935994062477,1.126
2.61993999739046,1.126
2.62052005415614,1.125
2.62110011092183,1.123
2.62168016768751,1.122
2.62226022445319,1.12
2.62284028121888,1.118
2.62342033798456,1.116
2.62400039475024,1.113
2.62458045151593,1.112
2.62516050828161,1.108
2.62574056504729,1.104
2.62632062181298,1.103
2.62690067857866,1.102
2.62748073534434,1.1
2.62806079211003,1.098
2.62864084887571,1.097
2.62922090564139,1.095
2.62980096240708,1.092
2.63038101917276,1.091
2.63096107593844,1.09
2.63154113270413,1.087
2.63212118946981,1.086
2.6327012462355,1.082
2.63328130300118,1.08
2.63386135976686,1.076
2.63444141653255,1.075
2.63502147329823,1.073
2.63560153006391,1.072
2.6361815868296,1.071
2.63676164359528,1.068
2.63734170036096,1.067
2.63792175712665,1.062
2.63850181389233,1.06
2.63908187065801,1.06
2.6396619274237,1.058
2.64024198418938,1.055
2.64082204095506,1.052
2.64140209772075,1.05
2.64198215448643,1.049
2.64256221125212,1.046
2.6431422680178,1.046
2.64372232478348,1.044
2.64430238154917,1.041
2.64488243831485,1.04
2.64546249508053,1.038
2.64604255184622,1.035
2.6466226086119,1.034
2.64720266537758,1.032
2.64778272214327,1.031
2.64836277890895,1.029
2.64894283567463,1.027
2.64952289244032,1.025
2.650102949206,1.025
2.65068300597168,1.024
2.65126306273737,1.021
2.65184311950305,1.019
2.65242317626873,1.018
2.65300323303442,1.016
2.6535832898001,1.015
2.65416334656579,1.013
2.65474340333147,1.012
2.65532346009715,1.012
2.65590351686284,1.01
2.65648357362852,1.009
2.6570636303942,1.009
2.65764368715989,1.007
2.65822374392557,1.007
2.65880380069125,1.005
2.65938385745694,1.005
2.65996391422262,1.005
2.6605439709883,1.002
2.66112402775399,0.999
2.66170408451967,0.996
2.66228414128535,0.995
2.66286419805104,0.995
2.66344425481672,0.993
2.66402431158241,0.992
2.66460436834809,0.988
2.66518442511377,0.988
2.66576448187946,0.987
2.66634453864514,0.986
2.66692459541082,0.986
2.66750465217651,0.984
2.66808470894219,0.981
2.66866476570787,0.98
2.66924482247356,0.98
2.66982487923924,0.98
2.67040493600492,0.979
2.67098499277061,0.976
2.67156504953629,0.972
2.67214510630197,0.972
2.67272516306766,0.97
2.67330521983334,0.969
2.67388527659902,0.969
2.67446533336471,0.969
2.67504539013039,0.968
2.67562544689608,0.967
2.67620550366176,0.967
2.67678556042744,0.964
2.67736561719313,0.962
2.67794567395881,0.96
2.67852573072449,0.96
2.67910578749018,0.957
2.67968584425586,0.956
2.68026590102154,0.953
2.68084595778723,0.952
2.68142601455291,0.952
2.68200607131859,0.95
2.68258612808428,0.948
2.68316618484996,0.946
2.68374624161564,0.943
2.68432629838133,0.942
2.68490635514701,0.94
2.6854864119127,0.94
2.68606646867838,0.94
2.68664652544406,0.938
2.68722658220975,0.937
2.68780663897543,0.934
2.68838669574111,0.932
2.6889667525068,0.93
2.68954680927248,0.927
2.69012686603816,0.927
2.69070692280385,0.924
2.69128697956953,0.92
2.69186703633521,0.919
2.6924470931009,0.919
2.69302714986658,0.919
2.69360720663226,0.915
2.69418726339795,0.914
2.69476732016363,0.914
2.69534737692931,0.913
2.695927433695,0.909
2.69650749046068,0.907
2.69708754722637,0.904
2.69766760399205,0.901
2.69824766075773,0.899
2.69882771752342,0.897
2.6994077742891,0.897
2.69998783105478,0.896
2.70056788782047,0.894
2.70114794458615,0.894
2.70172800135183,0.894
2.70230805811752,0.892
2.7028881148832,0.891
2.70346817164888,0.89
2.70404822841457,0.889
2.70462828518025,0.888
2.70520834194593,0.887
2.70578839871162,0.884
2.7063684554773,0.881
2.70694851224299,0.881
2.70752856900867,0.881
2.70810862577435,0.881
2.70868868254004,0.877
2.70926873930572,0.875
2.7098487960714,0.874
2.71042885283709,0.872
2.71100890960277,0.869
2.71158896636845,0.867
2.71216902313414,0.866
2.71274907989982,0.865
2.7133291366655,0.864
2.71390919343119,0.864
2.71448925019687,0.864
2.71506930696255,0.864
2.71564936372824,0.86
2.71622942049392,0.859
2.7168094772596,0.859
2.71738953402529,0.859
2.71796959079097,0.855
2.71854964755666,0.855
2.71912970432234,0.854
2.71970976108802,0.85
2.72028981785371,0.85
2.72086987461939,0.848
2.72144993138507,0.846
2.72202998815076,0.846
2.72261004491644,0.843
2.72319010168212,0.842
2.72377015844781,0.842
2.72435021521349,0.841
2.72493027197917,0.841
2.72551032874486,0.841
2.72609038551054,0.84
2.72667044227622,0.836
2.72725049904191,0.835
2.72783055580759,0.834
2.72841061257328,0.832
2.72899066933896,0.831
2.72957072610464,0.831
2.73015078287033,0.831
2.73073083963601,0.83
2.73131089640169,0.83
2.73189095316738,0.828
2.73247100993306,0.826
2.73305106669874,0.823
2.73363112346443,0.82
2.73421118023011,0.819
2.73479123699579,0.819
2.73537129376148,0.819
2.73595135052716,0.819
2.73653140729284,0.817
2.73711146405853,0.815
2.73769152082421,0.815
2.7382715775899,0.814
2.73885163435558,0.813
2.73943169112126,0.811
2.74001174788695,0.809
2.74059180465263,0.805
2.74117186141831,0.804
2.741751918184,0.8
2.74233197494968,0.799
2.74291203171536,0.799
2.74349208848105,0.799
2.74407214524673,0.796
2.74465220201241,0.795
2.7452322587781,0.793
2.74581231554378,0.792
2.74639237230946,0.792
2.74697242907515,0.791
2.74755248584083,0.79
2.74813254260651,0.788
2.7487125993722,0.785
2.74929265613788,0.785
2.74987271290357,0.785
2.75045276966925,0.785
2.75103282643493,0.784
2.75161288320062,0.782
2.7521929399663,0.782
2.75277299673198,0.782
2.75335305349767,0.78
2.75393311026335,0.777
2.75451316702903,0.776
2.75509322379472,0.775
2.7556732805604,0.774
2.75625333732608,0.772
2.75683339409177,0.771
2.75741345085745,0.77
2.75799350762313,0.77
2.75857356438882,0.77
2.7591536211545,0.769
2.75973367792019,0.768
2.76031373468587,0.768
2.76089379145155,0.765
2.76147384821724,0.764
2.76205390498292,0.763
2.7626339617486,0.762
2.76321401851429,0.76
2.76379407527997,0.759
2.76437413204565,0.757
2.76495418881134,0.754
2.76553424557702,0.753
2.7661143023427,0.752
2.76669435910839,0.751
2.76727441587407,0.75
2.76785447263975,0.75
2.76843452940544,0.746
2.76901458617112,0.746
2.7695946429368,0.745
2.77017469970249,0.743
2.77075475646817,0.743
2.77133481323386,0.743
2.77191486999954,0.743
2.77249492676522,0.742
2.77307498353091,0.741
2.77365504029659,0.741
2.77423509706227,0.737
2.77481515382796,0.735
2.77539521059364,0.733
2.77597526735932,0.732
2.77655532412501,0.73
2.77713538089069,0.73
2.77771543765637,0.728
2.77829549442206,0.728
2.77887555118774,0.727
2.77945560795342,0.727
2.78003566471911,0.726
2.78061572148479,0.725
2.78119577825048,0.724
2.78177583501616,0.723
2.78235589178184,0.721
2.78293594854753,0.72
2.78351600531321,0.719
2.78409606207889,0.718
2.78467611884458,0.718
2.78525617561026,0.717
2.78583623237594,0.717
2.78641628914163,0.715
2.78699634590731,0.713
2.78757640267299,0.713
2.78815645943868,0.711
2.78873651620436,0.711
2.78931657297004,0.71
2.78989662973573,0.709
2.79047668650141,0.707
2.79105674326709,0.706
2.79163680003278,0.706
2.79221685679846,0.706
2.79279691356415,0.703
2.79337697032983,0.701
2.79395702709551,0.698
2.7945370838612,0.697
2.79511714062688,0.695
2.79569719739256,0.691
2.79627725415825,0.689
2.79685731092393,0.687
2.79743736768961,0.687
2.7980174244553,0.686
2.79859748122098,0.685
2.79917753798666,0.685
2.79975759475235,0.685
2.80033765151803,0.682
2.80091770828371,0.682
2.8014977650494,0.681
2.80207782181508,0.681
2.80265787858076,0.681
2.80323793534645,0.681
2.80381799211213,0.681
2.80439804887782,0.681
2.8049781056435,0.68
2.80555816240918,0.678
2.80613821917487,0.677
2.80671827594055,0.677
2.80729833270623,0.677
2.80787838947192,0.676
2.8084584462376,0.675
2.80903850300328,0.675
2.80961855976897,0.674
2.81019861653465,0.672
2.81077867330033,0.672
2.81135873006602,0.671
2.8119387868317,0.669
2.81251884359738,0.668
2.81309890036307,0.667
2.81367895712875,0.665
2.81425901389444,0.664
2.81483907066012,0.662
2.8154191274258,0.66
2.81599918419149,0.658
2.81657924095717,0.657
2.81715929772285,0.656
2.81773935448854,0.655
2.81831941125422,0.652
2.8188994680199,0.652
2.81947952478559,0.652
2.82005958155127,0.651
2.82063963831695,0.649
2.82121969508264,0.648
2.82179975184832,0.646
2.822379808614,0.645
2.82295986537969,0.645
2.82353992214537,0.643
2.82411997891105,0.642
2.82470003567674,0.639
2.82528009244242,0.639
2.82586014920811,0.638
2.82644020597379,0.638
2.82702026273947,0.637
2.82760031950516,0.637
2.82818037627084,0.636
2.82876043303652,0.633
2.82934048980221,0.633
2.82992054656789,0.633
2.83050060333357,0.632
2.83108066009926,0.631
2.83166071686494,0.629
2.83224077363062,0.628
2.83282083039631,0.627
2.83340088716199,0.627
2.83398094392767,0.626
2.83456100069336,0.625
2.83514105745904,0.625
2.83572111422473,0.624
2.83630117099041,0.624
2.83688122775609,0.624
2.83746128452178,0.623
2.83804134128746,0.623
2.83862139805314,0.623
2.83920145481883,0.622
2.83978151158451,0.62
2.84036156835019,0.62
2.84094162511588,0.617
2.84152168188156,0.617
2.84210173864724,0.616
2.84268179541293,0.616
2.84326185217861,0.616
2.84384190894429,0.616
2.84442196570998,0.615
2.84500202247566,0.613
2.84558207924134,0.613
2.84616213600703,0.612
2.84674219277271,0.611
2.8473222495384,0.61
2.84790230630408,0.61
2.84848236306976,0.607
2.84906241983545,0.605
2.84964247660113,0.602
2.85022253336681,0.602
2.8508025901325,0.601
2.85138264689818,0.601
2.85196270366386,0.6
2.85254276042955,0.6
2.85312281719523,0.599
2.85370287396091,0.596
2.8542829307266,0.595
2.85486298749228,0.595
2.85544304425796,0.594
2.85602310102365,0.594
2.85660315778933,0.594
2.85718321455502,0.593
2.8577632713207,0.591
2.85834332808638,0.59
2.85892338485207,0.59
2.85950344161775,0.59
2.86008349838343,0.588
2.86066355514912,0.586
2.8612436119148,0.583
2.86182366868048,0.581
2.86240372544617,0.581
2.86298378221185,0.581
2.86356383897753,0.581
2.86414389574322,0.581
2.8647239525089,0.581
2.86530400927458,0.58
2.86588406604027,0.578
2.86646412280595,0.576
2.86704417957163,0.576
2.86762423633732,0.576
2.868204293103,0.574
2.86878434986869,0.573
2.86936440663437,0.572
2.86994446340005,0.57
2.87052452016574,0.569
2.87110457693142,0.568
2.8716846336971,0.568
2.87226469046279,0.568
2.87284474722847,0.567
2.87342480399415,0.567
2.87400486075984,0.566
2.87458491752552,0.566
2.8751649742912,0.563
2.87574503105689,0.56
2.87632508782257,0.559
2.87690514458825,0.559
2.87748520135394,0.556
2.87806525811962,0.555
2.87864531488531,0.555
2.87922537165099,0.554
2.87980542841667,0.553
2.88038548518236,0.553
2.88096554194804,0.55
2.88154559871372,0.55
2.88212565547941,0.549
2.88270571224509,0.549
2.88328576901077,0.549
2.88386582577646,0.548
2.88444588254214,0.547
2.88502593930782,0.547
2.88560599607351,0.545
2.88618605283919,0.544
2.88676610960487,0.544
2.88734616637056,0.544
2.88792622313624,0.544
2.88850627990192,0.543
2.88908633666761,0.543
2.88966639343329,0.539
2.89024645019898,0.537
2.89082650696466,0.537
2.89140656373034,0.536
2.89198662049603,0.535
2.89256667726171,0.535
2.89314673402739,0.535
2.89372679079308,0.535
2.89430684755876,0.533
2.89488690432444,0.533
2.89546696109013,0.531
2.89604701785581,0.53
2.89662707462149,0.53
2.89720713138718,0.53
2.89778718815286,0.527
2.89836724491854,0.524
2.89894730168423,0.524
2.89952735844991,0.523
2.9001074152156,0.522
2.90068747198128,0.522
2.90126752874696,0.521
2.90184758551265,0.521
2.90242764227833,0.521
2.90300769904401,0.519
2.9035877558097,0.519
2.90416781257538,0.518
2.90474786934106,0.517
2.90532792610675,0.516
2.90590798287243,0.514
2.90648803963811,0.514
2.9070680964038,0.513
2.90764815316948,0.512
2.90822820993516,0.512
2.90880826670085,0.511
2.90938832346653,0.51
2.90996838023221,0.51
2.9105484369979,0.509
2.91112849376358,0.509
2.91170855052927,0.509
2.91228860729495,0.508
2.91286866406063,0.506
2.91344872082632,0.505
2.914028777592,0.505
2.91460883435768,0.505
2.91518889112337,0.505
2.91576894788905,0.505
2.91634900465473,0.502
2.91692906142042,0.501
2.9175091181861,0.501
2.91808917495178,0.5
2.91866923171747,0.5
2.91924928848315,0.498
2.91982934524883,0.496
2.92040940201452,0.496
2.9209894587802,0.495
2.92156951554588,0.495
2.92214957231157,0.493
2.92272962907725,0.492
2.92330968584294,0.491
2.92388974260862,0.489
2.9244697993743,0.487
2.92504985613999,0.487
2.92562991290567,0.486
2.92620996967135,0.485
2.92679002643704,0.484
2.92737008320272,0.483
2.9279501399684,0.482
2.92853019673409,0.482
2.92911025349977,0.482
2.92969031026545,0.482
2.93027036703114,0.481
2.93085042379682,0.481
2.93143048056251,0.481
2.93201053732819,0.479
2.93259059409387,0.479
2.93317065085956,0.478
2.93375070762524,0.478
2.93433076439092,0.477
2.93491082115661,0.477
2.93549087792229,0.476
2.93607093468797,0.475
2.93665099145366,0.474
2.93723104821934,0.474
2.93781110498502,0.474
2.93839116175071,0.471
2.93897121851639,0.471
2.93955127528207,0.471
2.94013133204776,0.47
2.94071138881344,0.47
2.94129144557912,0.47
2.94187150234481,0.468
2.94245155911049,0.467
2.94303161587618,0.467
2.94361167264186,0.467
2.94419172940754,0.467
2.94477178617323,0.467
2.94535184293891,0.466
2.94593189970459,0.466
2.94651195647028,0.466
2.94709201323596,0.465
2.94767207000164,0.463
2.94825212676733,0.461
2.94883218353301,0.46
2.94941224029869,0.46
2.94999229706438,0.46
2.95057235383006,0.459
2.95115241059574,0.459
2.95173246736143,0.457
2.95231252412711,0.457
2.9528925808928,0.456
2.95347263765848,0.456
2.95405269442416,0.456
2.95463275118985,0.455
2.95521280795553,0.455
2.95579286472121,0.452
2.9563729214869,0.451
2.95695297825258,0.449
2.95753303501826,0.449
2.95811309178395,0.448
2.95869314854963,0.448
2.95927320531531,0.447
2.959853262081,0.445
2.96043331884668,0.445
2.96101337561236,0.443
2.96159343237805,0.442
2.96217348914373,0.44
2.96275354590941,0.44
2.9633336026751,0.44
2.96391365944078,0.44
2.96449371620647,0.439
2.96507377297215,0.438
2.96565382973783,0.436
2.96623388650352,0.435
2.9668139432692,0.435
2.96739400003488,0.434
2.96797405680057,0.434
2.96855411356625,0.434
2.96913417033193,0.434
2.96971422709762,0.432
2.9702942838633,0.432
2.97087434062898,0.432
2.97145439739467,0.431
2.97203445416035,0.428
2.97261451092603,0.427
2.97319456769172,0.426
2.9737746244574,0.425
2.97435468122308,0.424
2.97493473798877,0.423
2.97551479475445,0.423
2.97609485152014,0.421
2.97667490828582,0.421
2.9772549650515,0.419
2.97783502181719,0.418
2.97841507858287,0.417
2.97899513534855,0.416
2.97957519211424,0.416
2.98015524887992,0.413
2.9807353056456,0.412
2.98131536241129,0.411
2.98189541917697,0.411
2.98247547594265,0.411
2.98305553270834,0.409
2.98363558947402,0.409
2.9842156462397,0.407
2.98479570300539,0.407
2.98537575977107,0.407
2.98595581653676,0.407
2.98653587330244,0.407
2.98711593006812,0.404
2.98769598683381,0.403
2.98827604359949,0.402
2.98885610036517,0.4
2.98943615713086,0.398
2.99001621389654,0.397
2.99059627066222,0.397
2.99117632742791,0.396
2.99175638419359,0.396
2.99233644095927,0.394
2.99291649772496,0.393
2.99349655449064,0.393
2.99407661125632,0.392
2.99465666802201,0.391
2.99523672478769,0.391
2.99581678155337,0.391
2.99639683831906,0.391
2.99697689508474,0.391
2.99755695185043,0.39
2.99813700861611,0.39
2.99871706538179,0.39
2.99929712214748,0.389
2.99987717891316,0.386
3.00045723567884,0.386
3.00103729244453,0.386
3.00161734921021,0.385
3.00219740597589,0.383
3.00277746274158,0.382
3.00335751950726,0.382
3.00393757627294,0.381
3.00451763303863,0.381
3.00509768980431,0.381
3.00567774656999,0.381
3.00625780333568,0.38
3.00683786010136,0.378
3.00741791686705,0.378
3.00799797363273,0.378
3.00857803039841,0.378
3.0091580871641,0.377
3.00973814392978,0.376
3.01031820069546,0.376
3.01089825746115,0.375
3.01147831422683,0.375
3.01205837099251,0.375
3.0126384277582,0.375
3.01321848452388,0.375
3.01379854128956,0.372
3.01437859805525,0.372
3.01495865482093,0.372
3.01553871158661,0.372
3.0161187683523,0.372
3.01669882511798,0.372
3.01727888188366,0.372
3.01785893864935,0.372
3.01843899541503,0.372
3.01901905218072,0.371
3.0195991089464,0.371
3.02017916571208,0.369
3.02075922247777,0.369
3.02133927924345,0.367
3.02191933600913,0.365
3.02249939277482,0.365
3.0230794495405,0.365
3.02365950630618,0.365
3.02423956307187,0.365
3.02481961983755,0.364
3.02539967660323,0.362
3.02597973336892,0.36
3.0265597901346,0.36
3.02713984690028,0.359
3.02771990366597,0.359
3.02829996043165,0.358
3.02888001719734,0.357
3.02946007396302,0.357
3.0300401307287,0.357
3.03062018749439,0.355
3.03120024426007,0.353
3.03178030102575,0.352
3.03236035779144,0.352
3.03294041455712,0.352
3.0335204713228,0.35
3.03410052808849,0.35
3.03468058485417,0.35
3.03526064161985,0.348
3.03584069838554,0.348
3.03642075515122,0.346
3.0370008119169,0.345
3.03758086868259,0.343
3.03816092544827,0.343
3.03874098221395,0.343
3.03932103897964,0.341
3.03990109574532,0.339
3.04048115251101,0.339
3.04106120927669,0.338
3.04164126604237,0.337
3.04222132280806,0.334
3.04280137957374,0.333
3.04338143633942,0.333
3.04396149310511,0.333
3.04454154987079,0.332
3.04512160663647,0.33
3.04570166340216,0.33
3.04628172016784,0.33
3.04686177693352,0.328
3.04744183369921,0.326
3.04802189046489,0.326
3.04860194723057,0.326
3.04918200399626,0.325
3.04976206076194,0.325
3.05034211752763,0.325
3.05092217429331,0.324
3.05150223105899,0.323
3.05208228782468,0.323
3.05266234459036,0.323
3.05324240135604,0.322
3.05382245812173,0.322
3.05440251488741,0.322
3.05498257165309,0.321
3.05556262841878,0.317
3.05614268518446,0.317
3.05672274195014,0.316
3.05730279871583,0.316
3.05788285548151,0.315
3.05846291224719,0.315
3.05904296901288,0.315
3.05962302577856,0.313
3.06020308254424,0.313
3.06078313930993,0.313
3.06136319607561,0.313
3.0619432528413,0.312
3.06252330960698,0.312
3.06310336637266,0.311
3.06368342313835,0.31
3.06426347990403,0.31
3.06484353666971,0.309
3.0654235934354,0.309
3.06600365020108,0.309
3.06658370696676,0.308
3.06716376373245,0.308
3.06774382049813,0.308
3.06832387726381,0.306
3.0689039340295,0.306
3.06948399079518,0.305
3.07006404756086,0.305
3.07064410432655,0.305
3.07122416109223,0.304
3.07180421785792,0.303
3.0723842746236,0.301
3.07296433138928,0.301
3.07354438815497,0.3
3.07412444492065,0.299
3.07470450168633,0.299
3.07528455845202,0.299
3.0758646152177,0.299
3.07644467198338,0.299
3.07702472874907,0.299
3.07760478551475,0.298
3.07818484228043,0.298
3.07876489904612,0.297
3.0793449558118,0.297
3.07992501257748,0.295
3.08050506934317,0.293
3.08108512610885,0.292
3.08166518287453,0.291
3.08224523964022,0.29
3.0828252964059,0.29
3.08340535317159,0.289
3.08398540993727,0.289
3.08456546670295,0.289
3.08514552346864,0.289
3.08572558023432,0.288
3.086305637,0.287
3.08688569376569,0.286
3.08746575053137,0.285
3.08804580729705,0.285
3.08862586406274,0.285
3.08920592082842,0.285
3.0897859775941,0.285
3.09036603435979,0.285
3.09094609112547,0.285
3.09152614789115,0.285
3.09210620465684,0.284
3.09268626142252,0.284
3.09326631818821,0.284
3.09384637495389,0.284
3.09442643171957,0.282
3.09500648848526,0.28
3.09558654525094,0.28
3.09616660201662,0.28
3.09674665878231,0.28
3.09732671554799,0.279
3.09790677231367,0.279
3.09848682907936,0.277
3.09906688584504,0.277
3.09964694261072,0.277
3.10022699937641,0.277
3.10080705614209,0.277
3.10138711290777,0.275
3.10196716967346,0.274
3.10254722643914,0.274
3.10312728320482,0.273
3.10370733997051,0.272
3.10428739673619,0.272
3.10486745350188,0.27
3.10544751026756,0.268
3.10602756703324,0.268
3.10660762379893,0.268
3.10718768056461,0.268
3.10776773733029,0.267
3.10834779409598,0.265
3.10892785086166,0.265
3.10950790762734,0.265
3.11008796439303,0.265
3.11066802115871,0.265
3.11124807792439,0.265
3.11182813469008,0.265
3.11240819145576,0.264
3.11298824822144,0.263
3.11356830498713,0.262
3.11414836175281,0.262
3.11472841851849,0.262
3.11530847528418,0.261
3.11588853204986,0.261
3.11646858881555,0.26
3.11704864558123,0.26
3.11762870234691,0.26
3.1182087591126,0.259
3.11878881587828,0.259
3.11936887264396,0.259
3.11994892940965,0.258
3.12052898617533,0.258
3.12110904294101,0.258
3.1216890997067,0.258
3.12226915647238,0.258
3.12284921323806,0.258
3.12342927000375,0.257
3.12400932676943,0.257
3.12458938353512,0.257
3.1251694403008,0.256
3.12574949706648,0.255
3.12632955383217,0.255
3.12690961059785,0.253
3.12748966736353,0.252
3.12806972412922,0.252
3.1286497808949,0.252
3.12922983766058,0.252
3.12980989442627,0.252
3.13038995119195,0.251
3.13097000795763,0.251
3.13155006472332,0.251
3.132130121489,0.251
3.13271017825468,0.249
3.13329023502037,0.249
3.13387029178605,0.248
3.13445034855173,0.248
3.13503040531742,0.248
3.1356104620831,0.248
3.13619051884879,0.248
3.13677057561447,0.248
3.13735063238015,0.247
3.13793068914584,0.246
3.13851074591152,0.246
3.1390908026772,0.246
3.13967085944289,0.246
3.14025091620857,0.245
3.14083097297425,0.245
3.14141102973994,0.245
3.14199108650562,0.241
3.1425711432713,0.24
3.14315120003699,0.24
3.14373125680267,0.24
3.14431131356835,0.24
3.14489137033404,0.239
3.14547142709972,0.239
3.14605148386541,0.239
3.14663154063109,0.238
3.14721159739677,0.237
3.14779165416246,0.236
3.14837171092814,0.235
3.14895176769382,0.234
3.14953182445951,0.234
3.15011188122519,0.233
3.15069193799087,0.232
3.15127199475656,0.232
3.15185205152224,0.232
3.15243210828792,0.23
3.15301216505361,0.229
3.15359222181929,0.228
3.15417227858497,0.228
3.15475233535066,0.228
3.15533239211634,0.228
3.15591244888202,0.228
3.15649250564771,0.228
3.15707256241339,0.228
3.15765261917908,0.228
3.15823267594476,0.228
3.15881273271044,0.227
3.15939278947613,0.227
3.15997284624181,0.227
3.16055290300749,0.227
3.16113295977318,0.225
3.16171301653886,0.223
3.16229307330454,0.222
3.16287313007023,0.218
3.16345318683591,0.216
3.16403324360159,0.215
3.16461330036728,0.215
3.16519335713296,0.215
3.16577341389864,0.215
3.16635347066433,0.215
3.16693352743001,0.215
3.16751358419569,0.215
3.16809364096138,0.215
3.16867369772706,0.215
3.16925375449275,0.214
3.16983381125843,0.212
3.17041386802411,0.211
3.1709939247898,0.211
3.17157398155548,0.211
3.17215403832116,0.211
3.17273409508685,0.211
3.17331415185253,0.211
3.17389420861821,0.211
3.1744742653839,0.21
3.17505432214958,0.209
3.17563437891526,0.209
3.17621443568095,0.209
3.17679449244663,0.209
3.17737454921231,0.209
3.177954605978,0.209
3.17853466274368,0.209
3.17911471950937,0.208
3.17969477627505,0.207
3.18027483304073,0.207
3.18085488980642,0.207
3.1814349465721,0.205
3.18201500333778,0.205
3.18259506010347,0.204
3.18317511686915,0.204
3.18375517363483,0.203
3.18433523040052,0.202
3.1849152871662,0.202
3.18549534393188,0.202
3.18607540069757,0.202
3.18665545746325,0.202
3.18723551422893,0.202
3.18781557099462,0.2
3.1883956277603,0.2
3.18897568452598,0.199
3.18955574129167,0.199
3.19013579805735,0.199
3.19071585482304,0.199
3.19129591158872,0.198
3.1918759683544,0.196
3.19245602512009,0.196
3.19303608188577,0.195
3.19361613865145,0.195
3.19419619541714,0.194
3.19477625218282,0.193
3.1953563089485,0.192
3.19593636571419,0.192
3.19651642247987,0.192
3.19709647924555,0.191
3.19767653601124,0.191
3.19825659277692,0.191
3.1988366495426,0.191
3.19941670630829,0.191
3.19999676307397,0.191
3.20057681983966,0.191
3.20115687660534,0.191
3.20173693337102,0.191
3.20231699013671,0.191
3.20289704690239,0.189
3.20347710366807,0.188
3.20405716043376,0.187
3.20463721719944,0.187
3.20521727396512,0.187
3.20579733073081,0.186
3.20637738749649,0.186
3.20695744426217,0.186
3.20753750102786,0.183
3.20811755779354,0.182
3.20869761455922,0.182
3.20927767132491,0.181
3.20985772809059,0.181
3.21043778485627,0.181
3.21101784162196,0.181
3.21159789838764,0.181
3.21217795515333,0.181
3.21275801191901,0.181
3.21333806868469,0.181
3.21391812545038,0.181
3.21449818221606,0.181
3.21507823898174,0.181
3.21565829574743,0.18
3.21623835251311,0.18
3.21681840927879,0.18
3.21739846604448,0.18
3.21797852281016,0.18
3.21855857957584,0.18
3.21913863634153,0.179
3.21971869310721,0.179
3.22029874987289,0.179
3.22087880663858,0.179
3.22145886340426,0.179
3.22203892016995,0.179
3.22261897693563,0.179
3.22319903370131,0.179
3.223779090467,0.179
3.22435914723268,0.179
3.22493920399836,0.179
3.22551926076405,0.178
3.22609931752973,0.177
3.22667937429541,0.177
3.2272594310611,0.177
3.22783948782678,0.177
3.22841954459246,0.177
3.22899960135815,0.177
3.22957965812383,0.177
3.23015971488951,0.177
3.2307397716552,0.177
3.23131982842088,0.177
3.23189988518656,0.177
3.23247994195225,0.177
3.23305999871793,0.177
3.23364005548362,0.176
3.2342201122493,0.176
3.23480016901498,0.176
3.23538022578067,0.176
3.23596028254635,0.176
3.23654033931203,0.175
3.23712039607772,0.174
3.2377004528434,0.174
3.23828050960908,0.173
3.23886056637477,0.171
3.23944062314045,0.17
3.24002067990613,0.17
3.24060073667182,0.17
3.2411807934375,0.169
3.24176085020318,0.169
3.24234090696887,0.168
3.24292096373455,0.168
3.24350102050024,0.168
3.24408107726592,0.168
3.2446611340316,0.168
3.24524119079729,0.168
3.24582124756297,0.168
3.24640130432865,0.167
3.24698136109434,0.167
3.24756141786002,0.167
3.2481414746257,0.167
3.24872153139139,0.167
3.24930158815707,0.167
3.24988164492275,0.167
3.25046170168844,0.166
3.25104175845412,0.166
3.2516218152198,0.165
3.25220187198549,0.164
3.25278192875117,0.164
3.25336198551685,0.164
3.25394204228254,0.164
3.25452209904822,0.164
3.25510215581391,0.164
3.25568221257959,0.164
3.25626226934527,0.164
3.25684232611096,0.164
3.25742238287664,0.164
3.25800243964232,0.164
3.25858249640801,0.164
3.25916255317369,0.164
3.25974260993937,0.164
3.26032266670506,0.163
3.26090272347074,0.163
3.26148278023642,0.163
3.26206283700211,0.163
3.26264289376779,0.163
3.26322295053347,0.163
3.26380300729916,0.162
3.26438306406484,0.162
3.26496312083052,0.162
3.26554317759621,0.162
3.26612323436189,0.162
3.26670329112758,0.162
3.26728334789326,0.162
3.26786340465894,0.162
3.26844346142463,0.162
3.26902351819031,0.162
3.26960357495599,0.162
3.27018363172168,0.162
3.27076368848736,0.162
3.27134374525304,0.162
3.27192380201873,0.162
3.27250385878441,0.162
3.27308391555009,0.162
3.27366397231578,0.162
3.27424402908146,0.162
3.27482408584714,0.162
3.27540414261283,0.162
3.27598419937851,0.162
3.2765642561442,0.162
3.27714431290988,0.161
3.27772436967556,0.161
3.27830442644125,0.161
3.27888448320693,0.161
3.27946453997261,0.161
3.2800445967383,0.161
3.28062465350398,0.161
3.28120471026966,0.16
3.28178476703535,0.16
3.28236482380103,0.16
3.28294488056671,0.16
3.2835249373324,0.159
3.28410499409808,0.159
3.28468505086376,0.156
3.28526510762945,0.156
3.28584516439513,0.156
3.28642522116082,0.156
3.2870052779265,0.156
3.28758533469218,0.156
3.28816539145787,0.156
3.28874544822355,0.156
3.28932550498923,0.156
3.28990556175492,0.156
3.2904856185206,0.156
3.29106567528628,0.155
3.29164573205197,0.154
3.29222578881765,0.154
3.29280584558333,0.154
3.29338590234902,0.154
3.2939659591147,0.154
3.29454601588038,0.154
3.29512607264607,0.154
3.29570612941175,0.154
3.29628618617743,0.154
3.29686624294312,0.152
3.2974462997088,0.151
3.29802635647449,0.15
3.29860641324017,0.149
3.29918647000585,0.149
3.29976652677154,0.149
3.30034658353722,0.147
3.3009266403029,0.147
3.30150669706859,0.147
3.30208675383427,0.146
3.30266681059995,0.146
3.30324686736564,0.146
3.30382692413132,0.146
3.304406980897,0.146
3.30498703766269,0.145
3.30556709442837,0.145
3.30614715119405,0.145
3.30672720795974,0.144
3.30730726472542,0.144
3.3078873214911,0.144
3.30846737825679,0.144
3.30904743502247,0.143
3.30962749178816,0.143
3.31020754855384,0.142
3.31078760531952,0.142
3.31136766208521,0.142
3.31194771885089,0.142
3.31252777561657,0.142
3.31310783238226,0.142
3.31368788914794,0.142
3.31426794591362,0.141
3.31484800267931,0.141
3.31542805944499,0.141
3.31600811621067,0.141
3.31658817297636,0.141
3.31716822974204,0.14
3.31774828650773,0.14
3.31832834327341,0.139
3.31890840003909,0.139
3.31948845680478,0.139
3.32006851357046,0.139
3.32064857033614,0.138
3.32122862710183,0.138
3.32180868386751,0.138
3.32238874063319,0.138
3.32296879739888,0.138
3.32354885416456,0.138
3.32412891093024,0.138
3.32470896769593,0.138
3.32528902446161,0.138
3.32586908122729,0.138
3.32644913799298,0.138
3.32702919475866,0.137
3.32760925152434,0.137
3.32818930829003,0.137
3.32876936505571,0.136
3.3293494218214,0.136
3.32992947858708,0.136
3.33050953535276,0.136
3.33108959211845,0.136
3.33166964888413,0.136
3.33224970564981,0.136
3.3328297624155,0.135
3.33340981918118,0.135
3.33398987594686,0.135
3.33456993271255,0.135
3.33514998947823,0.135
3.33573004624391,0.135
3.3363101030096,0.135
3.33689015977528,0.135
3.33747021654096,0.134
3.33805027330665,0.134
3.33863033007233,0.134
3.33921038683801,0.131
3.3397904436037,0.131
3.34037050036938,0.131
3.34095055713507,0.131
3.34153061390075,0.13
3.34211067066643,0.13
3.34269072743212,0.13
3.3432707841978,0.13
3.34385084096348,0.129
3.34443089772917,0.129
3.34501095449485,0.129
3.34559101126053,0.128
3.34617106802622,0.128
3.3467511247919,0.128
3.34733118155758,0.128
3.34791123832327,0.128
3.34849129508895,0.128
3.34907135185463,0.128
3.34965140862032,0.127
3.350231465386,0.127
3.35081152215169,0.127
3.35139157891737,0.127
3.35197163568305,0.127
3.35255169244874,0.127
3.35313174921442,0.127
3.3537118059801,0.127
3.35429186274579,0.127
3.35487191951147,0.127
3.35545197627715,0.127
3.35603203304284,0.127
3.35661208980852,0.127
3.3571921465742,0.127
3.35777220333989,0.127
3.35835226010557,0.127
3.35893231687125,0.127
3.35951237363694,0.127
3.36009243040262,0.127
3.3606724871683,0.127
3.36125254393399,0.127
3.36183260069967,0.127
3.36241265746536,0.127
3.36299271423104,0.127
3.36357277099672,0.127
3.36415282776241,0.127
3.36473288452809,0.127
3.36531294129377,0.126
3.36589299805946,0.126
3.36647305482514,0.125
3.36705311159082,0.125
3.36763316835651,0.124
3.36821322512219,0.124
3.36879328188787,0.124
3.36937333865356,0.124
3.36995339541924,0.124
3.37053345218492,0.123
3.37111350895061,0.123
3.37169356571629,0.123
3.37227362248198,0.123
3.37285367924766,0.123
3.37343373601334,0.123
3.37401379277903,0.123
3.37459384954471,0.123
3.37517390631039,0.123
3.37575396307608,0.123
3.37633401984176,0.123
3.37691407660744,0.123
3.37749413337313,0.123
3.37807419013881,0.123
3.37865424690449,0.123
3.37923430367018,0.122
3.37981436043586,0.122
3.38039441720154,0.122
3.38097447396723,0.122
3.38155453073291,0.122
3.38213458749859,0.122
3.38271464426428,0.122
3.38329470102996,0.122
3.38387475779565,0.121
3.38445481456133,0.121
3.38503487132701,0.121
3.3856149280927,0.121
3.38619498485838,0.12
3.38677504162406,0.12
3.38735509838975,0.12
3.38793515515543,0.12
3.38851521192111,0.12
3.3890952686868,0.119
3.38967532545248,0.119
3.39025538221816,0.119
3.39083543898385,0.119
3.39141549574953,0.119
3.39199555251521,0.118
3.3925756092809,0.118
3.39315566604658,0.118
3.39373572281227,0.118
3.39431577957795,0.117
3.39489583634363,0.117
3.39547589310932,0.117
3.396055949875,0.117
3.39663600664068,0.116
3.39721606340637,0.116
3.39779612017205,0.116
3.39837617693773,0.116
3.39895623370342,0.115
3.3995362904691,0.115
3.40011634723478,0.115
3.40069640400047,0.114
3.40127646076615,0.113
3.40185651753183,0.113
3.40243657429752,0.113
3.4030166310632,0.112
3.40359668782888,0.112
3.40417674459457,0.112
3.40475680136025,0.112
3.40533685812594,0.111
3.40591691489162,0.111
3.4064969716573,0.111
3.40707702842299,0.111
3.40765708518867,0.111
3.40823714195435,0.111
3.40881719872004,0.111
3.40939725548572,0.11
3.4099773122514,0.11
3.41055736901709,0.11
3.41113742578277,0.109
3.41171748254845,0.109
3.41229753931414,0.108
3.41287759607982,0.108
3.4134576528455,0.108
3.41403770961119,0.108
3.41461776637687,0.108
3.41519782314256,0.108
3.41577787990824,0.108
3.41635793667392,0.108
3.41693799343961,0.108
3.41751805020529,0.108
3.41809810697097,0.106
3.41867816373666,0.106
3.41925822050234,0.106
3.41983827726802,0.106
3.42041833403371,0.106
3.42099839079939,0.106
3.42157844756507,0.106
3.42215850433076,0.105
3.42273856109644,0.105
3.42331861786212,0.104
3.42389867462781,0.104
3.42447873139349,0.104
3.42505878815917,0.104
3.42563884492486,0.104
3.42621890169054,0.104
3.42679895845623,0.104
3.42737901522191,0.103
3.42795907198759,0.103
3.42853912875328,0.103
3.42911918551896,0.103
3.42969924228464,0.103
3.43027929905033,0.102
3.43085935581601,0.102
3.43143941258169,0.102
3.43201946934738,0.102
3.43259952611306,0.102
3.43317958287874,0.102
3.43375963964443,0.101
3.43433969641011,0.101
3.43491975317579,0.101
3.43549980994148,0.101
3.43607986670716,0.101
3.43665992347284,0.101
3.43723998023853,0.101
3.43782003700421,0.1
3.4384000937699,0.1
3.43898015053558,0.1
3.43956020730126,0.099
3.44014026406695,0.099
3.44072032083263,0.099
3.44130037759831,0.098
3.441880434364,0.098
3.44246049112968,0.098
3.44304054789536,0.098
3.44362060466105,0.098
3.44420066142673,0.097
3.44478071819241,0.097
3.4453607749581,0.097
3.44594083172378,0.096
3.44652088848946,0.096
3.44710094525515,0.095
3.44768100202083,0.094
3.44826105878652,0.094
3.4488411155522,0.094
3.44942117231788,0.093
3.45000122908357,0.093
3.45058128584925,0.093
3.45116134261493,0.093
3.45174139938062,0.093
3.4523214561463,0.093
3.45290151291198,0.093
3.45348156967767,0.093
3.45406162644335,0.093
3.45464168320903,0.093
3.45522173997472,0.093
3.4558017967404,0.092
3.45638185350608,0.092
3.45696191027177,0.092
3.45754196703745,0.092
3.45812202380313,0.092
3.45870208056882,0.092
3.4592821373345,0.092
3.45986219410019,0.092
3.46044225086587,0.092
3.46102230763155,0.092
3.46160236439724,0.092
3.46218242116292,0.092
3.4627624779286,0.092
3.46334253469429,0.092
3.46392259145997,0.091
3.46450264822565,0.091
3.46508270499134,0.091
3.46566276175702,0.091
3.4662428185227,0.091
3.46682287528839,0.091
3.46740293205407,0.091
3.46798298881976,0.09
3.46856304558544,0.09
3.46914310235112,0.09
3.46972315911681,0.09
3.47030321588249,0.09
3.47088327264817,0.09
3.47146332941386,0.089
3.47204338617954,0.089
3.47262344294522,0.089
3.47320349971091,0.089
3.47378355647659,0.089
3.47436361324227,0.089
3.47494367000796,0.089
3.47552372677364,0.089
3.47610378353932,0.089
3.47668384030501,0.089
3.47726389707069,0.088
3.47784395383637,0.088
3.47842401060206,0.088
3.47900406736774,0.087
3.47958412413343,0.087
3.48016418089911,0.087
3.48074423766479,0.087
3.48132429443048,0.086
3.48190435119616,0.086
3.48248440796184,0.085
3.48306446472753,0.085
3.48364452149321,0.085
3.48422457825889,0.085
3.48480463502458,0.085
3.48538469179026,0.085
3.48596474855594,0.085
3.48654480532163,0.085
3.48712486208731,0.085
3.48770491885299,0.085
3.48828497561868,0.085
3.48886503238436,0.085
3.48944508915004,0.085
3.49002514591573,0.085
3.49060520268141,0.085
3.4911852594471,0.084
3.49176531621278,0.084
3.49234537297846,0.084
3.49292542974415,0.084
3.49350548650983,0.084
3.49408554327551,0.084
3.4946656000412,0.084
3.49524565680688,0.084
3.49582571357256,0.084
3.49640577033825,0.084
3.49698582710393,0.084
3.49756588386961,0.084
3.4981459406353,0.084
3.49872599740098,0.083
3.49930605416666,0.082
3.49988611093235,0.082
3.50046616769803,0.082
3.50104622446371,0.082
3.5016262812294,0.082
3.50220633799508,0.082
3.50278639476077,0.082
3.50336645152645,0.082
3.50394650829213,0.082
3.50452656505782,0.082
3.5051066218235,0.082
3.50568667858918,0.082
3.50626673535487,0.082
3.50684679212055,0.082
3.50742684888623,0.082
3.50800690565192,0.082
3.5085869624176,0.082
3.50916701918328,0.082
3.50974707594897,0.082
3.51032713271465,0.082
3.51090718948033,0.082
3.51148724624602,0.082
3.5120673030117,0.082
3.51264735977739,0.081
3.51322741654307,0.081
3.51380747330875,0.081
3.51438753007444,0.081
3.51496758684012,0.081
3.5155476436058,0.081
3.51612770037149,0.081
3.51670775713717,0.081
3.51728781390285,0.081
3.51786787066854,0.081
3.51844792743422,0.081
3.5190279841999,0.081
3.51960804096559,0.081
3.52018809773127,0.081
3.52076815449695,0.081
3.52134821126264,0.081
3.52192826802832,0.081
3.52250832479401,0.081
3.52308838155969,0.08
3.52366843832537,0.08
3.52424849509106,0.08
3.52482855185674,0.079
3.52540860862242,0.079
3.52598866538811,0.079
3.52656872215379,0.079
3.52714877891947,0.078
3.52772883568516,0.077
3.52830889245084,0.077
3.52888894921652,0.077
3.52946900598221,0.077
3.53004906274789,0.077
3.53062911951357,0.077
3.53120917627926,0.076
3.53178923304494,0.076
3.53236928981062,0.076
3.53294934657631,0.076
3.53352940334199,0.075
3.53410946010768,0.075
3.53468951687336,0.074
3.53526957363904,0.074
3.53584963040473,0.073
3.53642968717041,0.073
3.53700974393609,0.073
3.53758980070178,0.073
3.53816985746746,0.073
3.53874991423314,0.073
3.53932997099883,0.073
3.53991002776451,0.072
3.54049008453019,0.072
3.54107014129588,0.072
3.54165019806156,0.072
3.54223025482724,0.072
3.54281031159293,0.072
3.54339036835861,0.072
3.54397042512429,0.072
3.54455048188998,0.072
3.54513053865566,0.072
3.54571059542135,0.072
3.54629065218703,0.072
3.54687070895271,0.072
3.5474507657184,0.072
3.54803082248408,0.072
3.54861087924976,0.072
3.54919093601545,0.072
3.54977099278113,0.072
3.55035104954681,0.072
3.5509311063125,0.072
3.55151116307818,0.072
3.55209121984386,0.072
3.55267127660955,0.072
3.55325133337523,0.072
3.55383139014091,0.072
3.5544114469066,0.072
3.55499150367228,0.072
3.55557156043797,0.072
3.55615161720365,0.072
3.55673167396933,0.072
3.55731173073502,0.072
3.5578917875007,0.072
3.55847184426638,0.072
3.55905190103207,0.072
3.55963195779775,0.072
3.56021201456343,0.072
3.56079207132912,0.072
3.5613721280948,0.071
3.56195218486048,0.071
3.56253224162617,0.071
3.56311229839185,0.071
3.56369235515753,0.071
3.56427241192322,0.071
3.5648524686889,0.071
3.56543252545459,0.071
3.56601258222027,0.071
3.56659263898595,0.071
3.56717269575164,0.07
3.56775275251732,0.07
3.568332809283,0.069
3.56891286604869,0.069
3.56949292281437,0.068
3.57007297958005,0.068
3.57065303634574,0.068
3.57123309311142,0.068
3.5718131498771,0.068
3.57239320664279,0.068
3.57297326340847,0.068
3.57355332017415,0.068
3.57413337693984,0.068
3.57471343370552,0.068
3.5752934904712,0.068
3.57587354723689,0.068
3.57645360400257,0.068
3.57703366076826,0.068
3.57761371753394,0.068
3.57819377429962,0.068
3.57877383106531,0.068
3.57935388783099,0.067
3.57993394459667,0.067
3.58051400136236,0.067
3.58109405812804,0.067
3.58167411489372,0.067
3.58225417165941,0.067
3.58283422842509,0.067
3.58341428519077,0.066
3.58399434195646,0.066
3.58457439872214,0.066
3.58515445548782,0.066
3.58573451225351,0.066
3.58631456901919,0.066
3.58689462578488,0.066
3.58747468255056,0.066
3.58805473931624,0.066
3.58863479608193,0.066
3.58921485284761,0.066
3.58979490961329,0.066
3.59037496637898,0.065
3.59095502314466,0.065
3.59153507991034,0.065
3.59211513667603,0.065
3.59269519344171,0.065
3.59327525020739,0.065
3.59385530697308,0.064
3.59443536373876,0.064
3.59501542050444,0.063
3.59559547727013,0.063
3.59617553403581,0.063
3.59675559080149,0.063
3.59733564756718,0.063
3.59791570433286,0.062
3.59849576109855,0.062
3.59907581786423,0.062
3.59965587462991,0.062
3.6002359313956,0.061
3.60081598816128,0.06
3.60139604492696,0.06
3.60197610169265,0.06
3.60255615845833,0.06
3.60313621522401,0.06
3.6037162719897,0.06
3.60429632875538,0.06
3.60487638552106,0.058
3.60545644228675,0.058
3.60603649905243,0.058
3.60661655581811,0.057
3.6071966125838,0.057
3.60777666934948,0.057
3.60835672611517,0.057
3.60893678288085,0.057
3.60951683964653,0.057
3.61009689641222,0.057
3.6106769531779,0.057
3.61125700994358,0.056
3.61183706670927,0.056
3.61241712347495,0.056
3.61299718024063,0.056
3.61357723700632,0.056
3.614157293772,0.056
3.61473735053768,0.056
3.61531740730337,0.056
3.61589746406905,0.056
3.61647752083473,0.056
3.61705757760042,0.055
3.6176376343661,0.055
3.61821769113178,0.055
3.61879774789747,0.055
3.61937780466315,0.055
3.61995786142884,0.055
3.62053791819452,0.055
3.6211179749602,0.054
3.62169803172589,0.054
3.62227808849157,0.054
3.62285814525725,0.054
3.62343820202294,0.054
3.62401825878862,0.054
3.6245983155543,0.054
3.62517837231999,0.054
3.62575842908567,0.054
3.62633848585135,0.054
3.62691854261704,0.054
3.62749859938272,0.054
3.6280786561484,0.054
3.62865871291409,0.054
3.62923876967977,0.054
3.62981882644545,0.054
3.63039888321114,0.054
3.63097893997682,0.054
3.63155899674251,0.054
3.63213905350819,0.054
3.63271911027387,0.054
3.63329916703956,0.054
3.63387922380524,0.054
3.63445928057092,0.054
3.63503933733661,0.054
3.63561939410229,0.054
3.63619945086797,0.054
3.63677950763366,0.054
3.63735956439934,0.053
3.63793962116502,0.053
3.63851967793071,0.053
3.63909973469639,0.053
3.63967979146207,0.053
3.64025984822776,0.053
3.64083990499344,0.053
3.64141996175913,0.053
3.64200001852481,0.052
3.64258007529049,0.052
3.64316013205618,0.051
3.64374018882186,0.051
3.64432024558754,0.051
3.64490030235323,0.051
3.64548035911891,0.051
3.64606041588459,0.051
3.64664047265028,0.051
3.64722052941596,0.051
3.64780058618164,0.051
3.64838064294733,0.051
3.64896069971301,0.051
3.64954075647869,0.05
3.65012081324438,0.05
3.65070087001006,0.05
3.65128092677574,0.05
3.65186098354143,0.05
3.65244104030711,0.05
3.6530210970728,0.049
3.65360115383848,0.049
3.65418121060416,0.049
3.65476126736985,0.049
3.65534132413553,0.049
3.65592138090121,0.049
3.6565014376669,0.048
3.65708149443258,0.047
3.65766155119826,0.047
3.65824160796395,0.047
3.65882166472963,0.046
3.65940172149531,0.046
3.659981778261,0.046
3.66056183502668,0.046
3.66114189179237,0.046
3.66172194855805,0.045
3.66230200532373,0.045
3.66288206208942,0.045
3.6634621188551,0.045
3.66404217562078,0.045
3.66462223238647,0.045
3.66520228915215,0.045
3.66578234591783,0.044
3.66636240268352,0.044
3.6669424594492,0.044
3.66752251621488,0.044
3.66810257298057,0.044
3.66868262974625,0.044
3.66926268651193,0.044
3.66984274327762,0.044
3.6704228000433,0.044
3.67100285680898,0.043
3.67158291357467,0.043
3.67216297034035,0.043
3.67274302710604,0.043
3.67332308387172,0.043
3.6739031406374,0.043
3.67448319740309,0.043
3.67506325416877,0.043
3.67564331093445,0.043
3.67622336770014,0.043
3.67680342446582,0.042
3.6773834812315,0.042
3.67796353799719,0.042
3.67854359476287,0.042
3.67912365152855,0.042
3.67970370829424,0.042
3.68028376505992,0.042
3.6808638218256,0.042
3.68144387859129,0.042
3.68202393535697,0.042
3.68260399212265,0.042
3.68318404888834,0.042
3.68376410565402,0.042
3.68434416241971,0.042
3.68492421918539,0.042
3.68550427595107,0.042
3.68608433271676,0.041
3.68666438948244,0.041
3.68724444624812,0.041
3.68782450301381,0.041
3.68840455977949,0.041
3.68898461654517,0.041
3.68956467331086,0.041
3.69014473007654,0.041
3.69072478684222,0.041
3.69130484360791,0.041
3.69188490037359,0.04
3.69246495713927,0.039
3.69304501390496,0.039
3.69362507067064,0.039
3.69420512743632,0.038
3.69478518420201,0.038
3.69536524096769,0.038
3.69594529773338,0.038
3.69652535449906,0.038
3.69710541126474,0.036
3.69768546803043,0.036
3.69826552479611,0.036
3.69884558156179,0.036
3.69942563832748,0.036
3.70000569509316,0.036
3.70058575185884,0.036
3.70116580862453,0.036
3.70174586539021,0.036
3.70232592215589,0.036
3.70290597892158,0.036
3.70348603568726,0.036
3.70406609245294,0.036
3.70464614921863,0.036
3.70522620598431,0.036
3.70580626275,0.036
3.70638631951568,0.036
3.70696637628136,0.036
3.70754643304705,0.036
3.70812648981273,0.036
3.70870654657841,0.036
3.7092866033441,0.036
3.70986666010978,0.036
3.71044671687546,0.036
3.71102677364115,0.036
3.71160683040683,0.036
3.71218688717251,0.036
3.7127669439382,0.036
3.71334700070388,0.036
3.71392705746956,0.036
3.71450711423525,0.036
3.71508717100093,0.036
3.71566722776662,0.036
3.7162472845323,0.036
3.71682734129798,0.036
3.71740739806367,0.036
3.71798745482935,0.036
3.71856751159503,0.036
3.71914756836072,0.036
3.7197276251264,0.036
3.72030768189208,0.036
3.72088773865777,0.036
3.72146779542345,0.036
3.72204785218913,0.036
3.72262790895482,0.036
3.7232079657205,0.036
3.72378802248618,0.036
3.72436807925187,0.036
3.72494813601755,0.036
3.72552819278323,0.036
3.72610824954892,0.036
3.7266883063146,0.036
3.72726836308029,0.036
3.72784841984597,0.036
3.72842847661165,0.036
3.72900853337734,0.036
3.72958859014302,0.036
3.7301686469087,0.036
3.73074870367439,0.036
3.73132876044007,0.036
3.73190881720575,0.035
3.73248887397144,0.035
3.73306893073712,0.035
3.7336489875028,0.035
3.73422904426849,0.035
3.73480910103417,0.035
3.73538915779985,0.035
3.73596921456554,0.035
3.73654927133122,0.034
3.7371293280969,0.034
3.73770938486259,0.034
3.73828944162827,0.034
3.73886949839396,0.034
3.73944955515964,0.034
3.74002961192532,0.034
3.74060966869101,0.034
3.74118972545669,0.034
3.74176978222237,0.034
3.74234983898806,0.034
3.74292989575374,0.034
3.74350995251942,0.034
3.74409000928511,0.034
3.74467006605079,0.034
3.74525012281647,0.034
3.74583017958216,0.034
3.74641023634784,0.034
3.74699029311352,0.034
3.74757034987921,0.034
3.74815040664489,0.034
3.74873046341057,0.034
3.74931052017626,0.034
3.74989057694194,0.033
3.75047063370763,0.033
3.75105069047331,0.033
3.75163074723899,0.033
3.75221080400468,0.033
3.75279086077036,0.033
3.75337091753604,0.033
3.75395097430173,0.033
3.75453103106741,0.033
3.75511108783309,0.033
3.75569114459878,0.033
3.75627120136446,0.033
3.75685125813014,0.033
3.75743131489583,0.033
3.75801137166151,0.033
3.7585914284272,0.033
3.75917148519288,0.033
3.75975154195856,0.033
3.76033159872425,0.033
3.76091165548993,0.033
3.76149171225561,0.033
3.7620717690213,0.033
3.76265182578698,0.033
3.76323188255266,0.033
3.76381193931835,0.033
3.76439199608403,0.033
3.76497205284971,0.033
3.7655521096154,0.033
3.76613216638108,0.033
3.76671222314676,0.033
3.76729227991245,0.033
3.76787233667813,0.033
3.76845239344381,0.033
3.7690324502095,0.033
3.76961250697518,0.033
3.77019256374087,0.033
3.77077262050655,0.033
3.77135267727223,0.032
3.77193273403792,0.032
3.7725127908036,0.032
3.77309284756928,0.032
3.77367290433497,0.032
3.77425296110065,0.032
3.77483301786633,0.032
3.77541307463202,0.032
3.7759931313977,0.032
3.77657318816338,0.031
3.77715324492907,0.031
3.77773330169475,0.031
3.77831335846043,0.031
3.77889341522612,0.031
3.7794734719918,0.031
3.78005352875749,0.031
3.78063358552317,0.031
3.78121364228885,0.031
3.78179369905454,0.031
3.78237375582022,0.031
3.7829538125859,0.031
3.78353386935159,0.031
3.78411392611727,0.031
3.78469398288295,0.031
3.78527403964864,0.031
3.78585409641432,0.031
3.78643415318,0.031
3.78701420994569,0.031
3.78759426671137,0.031
3.78817432347705,0.031
3.78875438024274,0.031
3.78933443700842,0.031
3.7899144937741,0.031
3.79049455053979,0.03
3.79107460730547,0.03
3.79165466407116,0.03
3.79223472083684,0.03
3.79281477760252,0.03
3.79339483436821,0.03
3.79397489113389,0.03
3.79455494789957,0.03
3.79513500466526,0.03
3.79571506143094,0.03
3.79629511819662,0.03
3.79687517496231,0.03
3.79745523172799,0.03
3.79803528849367,0.03
3.79861534525936,0.03
3.79919540202504,0.03
3.79977545879072,0.03
3.80035551555641,0.03
3.80093557232209,0.03
3.80151562908777,0.03
3.80209568585346,0.03
3.80267574261914,0.03
3.80325579938483,0.03
3.80383585615051,0.03
3.80441591291619,0.03
3.80499596968188,0.03
3.80557602644756,0.03
3.80615608321324,0.03
3.80673613997893,0.03
3.80731619674461,0.03
3.80789625351029,0.03
3.80847631027598,0.03
3.80905636704166,0.03
3.80963642380734,0.03
3.81021648057303,0.03
3.81079653733871,0.03
3.81137659410439,0.03
3.81195665087008,0.03
3.81253670763576,0.03
3.81311676440145,0.03
3.81369682116713,0.03
3.81427687793281,0.03
3.8148569346985,0.03
3.81543699146418,0.03
3.81601704822986,0.03
3.81659710499555,0.03
3.81717716176123,0.029
3.81775721852691,0.029
3.8183372752926,0.029
3.81891733205828,0.029
3.81949738882396,0.028
3.82007744558965,0.028
3.82065750235533,0.028
3.82123755912101,0.028
3.8218176158867,0.028
3.82239767265238,0.027
3.82297772941806,0.027
3.82355778618375,0.027
3.82413784294943,0.027
3.82471789971512,0.027
3.8252979564808,0.027
3.82587801324648,0.027
3.82645807001217,0.027
3.82703812677785,0.027
3.82761818354353,0.027
3.82819824030922,0.027
3.8287782970749,0.027
3.82935835384058,0.027
3.82993841060627,0.027
3.83051846737195,0.027
3.83109852413763,0.027
3.83167858090332,0.027
3.832258637669,0.027
3.83283869443468,0.027
3.83341875120037,0.027
3.83399880796605,0.027
3.83457886473174,0.027
3.83515892149742,0.027
3.8357389782631,0.027
3.83631903502879,0.027
3.83689909179447,0.027
3.83747914856015,0.027
3.83805920532584,0.027
3.83863926209152,0.027
3.8392193188572,0.027
3.83979937562289,0.027
3.84037943238857,0.027
3.84095948915425,0.027
3.84153954591994,0.027
3.84211960268562,0.027
3.8426996594513,0.027
3.84327971621699,0.027
3.84385977298267,0.027
3.84443982974835,0.026
3.84501988651404,0.026
3.84559994327972,0.026
3.84618000004541,0.026
3.84676005681109,0.026
3.84734011357677,0.026
3.84792017034246,0.026
3.84850022710814,0.026
3.84908028387382,0.026
3.84966034063951,0.026
3.85024039740519,0.026
3.85082045417087,0.026
3.85140051093656,0.026
3.85198056770224,0.026
3.85256062446792,0.026
3.85314068123361,0.026
3.85372073799929,0.026
3.85430079476498,0.026
3.85488085153066,0.026
3.85546090829634,0.026
3.85604096506203,0.025
3.85662102182771,0.025
3.85720107859339,0.025
3.85778113535908,0.025
3.85836119212476,0.025
3.85894124889044,0.025
3.85952130565613,0.025
3.86010136242181,0.024
3.86068141918749,0.024
3.86126147595318,0.024
3.86184153271886,0.024
3.86242158948454,0.024
3.86300164625023,0.024
3.86358170301591,0.024
3.86416175978159,0.024
3.86474181654728,0.024
3.86532187331296,0.024
3.86590193007865,0.024
3.86648198684433,0.024
3.86706204361001,0.024
3.8676421003757,0.024
3.86822215714138,0.024
3.86880221390706,0.024
3.86938227067275,0.024
3.86996232743843,0.024
3.87054238420411,0.024
3.8711224409698,0.024
3.87170249773548,0.024
3.87228255450116,0.024
3.87286261126685,0.024
3.87344266803253,0.024
3.87402272479821,0.024
3.8746027815639,0.024
3.87518283832958,0.024
3.87576289509526,0.024
3.87634295186095,0.024
3.87692300862663,0.024
3.87750306539232,0.024
3.878083122158,0.022
3.87866317892368,0.022
3.87924323568937,0.022
3.87982329245505,0.022
3.88040334922073,0.022
3.88098340598642,0.022
3.8815634627521,0.022
3.88214351951778,0.022
3.88272357628347,0.022
3.88330363304915,0.022
3.88388368981483,0.022
3.88446374658052,0.022
3.8850438033462,0.022
3.88562386011188,0.022
3.88620391687757,0.022
3.88678397364325,0.022
3.88736403040893,0.022
3.88794408717462,0.022
3.8885241439403,0.022
3.88910420070599,0.022
3.88968425747167,0.022
3.89026431423735,0.022
3.89084437100304,0.022
3.89142442776872,0.022
3.8920044845344,0.022
3.89258454130009,0.022
3.89316459806577,0.022
3.89374465483145,0.022
3.89432471159714,0.022
3.89490476836282,0.022
3.8954848251285,0.022
3.89606488189419,0.022
3.89664493865987,0.022
3.89722499542555,0.022
3.89780505219124,0.022
3.89838510895692,0.022
3.8989651657226,0.022
3.89954522248829,0.022
3.90012527925397,0.022
3.90070533601966,0.022
3.90128539278534,0.022
3.90186544955102,0.022
3.90244550631671,0.022
3.90302556308239,0.022
3.90360561984807,0.022
3.90418567661376,0.021
3.90476573337944,0.021
3.90534579014512,0.021
3.90592584691081,0.021
3.90650590367649,0.021
3.90708596044217,0.021
3.90766601720786,0.021
3.90824607397354,0.021
3.90882613073923,0.021
3.90940618750491,0.021
3.90998624427059,0.021
3.91056630103628,0.021
3.91114635780196,0.021
3.91172641456764,0.021
3.91230647133333,0.021
3.91288652809901,0.021
3.91346658486469,0.021
3.91404664163038,0.021
3.91462669839606,0.021
3.91520675516174,0.02
3.91578681192743,0.02
3.91636686869311,0.02
3.91694692545879,0.02
3.91752698222448,0.02
3.91810703899016,0.02
3.91868709575584,0.02
3.91926715252153,0.02
3.91984720928721,0.02
3.9204272660529,0.02
3.92100732281858,0.02
3.92158737958426,0.02
3.92216743634995,0.02
3.92274749311563,0.02
3.92332754988131,0.02
3.923907606647,0.02
3.92448766341268,0.02
3.92506772017836,0.02
3.92564777694405,0.02
3.92622783370973,0.02
3.92680789047541,0.02
3.9273879472411,0.02
3.92796800400678,0.02
3.92854806077246,0.02
3.92912811753815,0.02
3.92970817430383,0.02
3.93028823106951,0.02
3.9308682878352,0.02
3.93144834460088,0.02
3.93202840136657,0.019
3.93260845813225,0.019
3.93318851489793,0.019
3.93376857166362,0.019
3.9343486284293,0.019
3.93492868519498,0.019
3.93550874196067,0.019
3.93608879872635,0.019
3.93666885549203,0.019
3.93724891225772,0.019
3.9378289690234,0.019
3.93840902578908,0.019
3.93898908255477,0.018
3.93956913932045,0.018
3.94014919608613,0.018
3.94072925285182,0.017
3.9413093096175,0.017
3.94188936638318,0.017
3.94246942314887,0.017
3.94304947991455,0.017
3.94362953668024,0.017
3.94420959344592,0.017
3.9447896502116,0.017
3.94536970697729,0.017
3.94594976374297,0.017
3.94652982050865,0.017
3.94710987727434,0.017
3.94768993404002,0.017
3.9482699908057,0.017
3.94885004757139,0.017
3.94943010433707,0.017
3.95001016110275,0.017
3.95059021786844,0.017
3.95117027463412,0.017
3.95175033139981,0.017
3.95233038816549,0.017
3.95291044493117,0.017
3.95349050169686,0.017
3.95407055846254,0.017
3.95465061522822,0.017
3.95523067199391,0.017
3.95581072875959,0.017
3.95639078552527,0.017
3.95697084229096,0.017
3.95755089905664,0.017
3.95813095582232,0.017
3.95871101258801,0.017
3.95929106935369,0.017
3.95987112611937,0.017
3.96045118288506,0.017
3.96103123965074,0.017
3.96161129641642,0.017
3.96219135318211,0.017
3.96277140994779,0.017
3.96335146671348,0.017
3.96393152347916,0.017
3.96451158024484,0.016
3.96509163701053,0.016
3.96567169377621,0.016
3.96625175054189,0.016
3.96683180730758,0.016
3.96741186407326,0.016
3.96799192083894,0.016
3.96857197760463,0.016
3.96915203437031,0.016
3.96973209113599,0.016
3.97031214790168,0.015
3.97089220466736,0.015
3.97147226143304,0.014
3.97205231819873,0.014
3.97263237496441,0.014
3.97321243173009,0.014
3.97379248849578,0.014
3.97437254526146,0.014
3.97495260202715,0.014
3.97553265879283,0.014
3.97611271555851,0.014
3.9766927723242,0.014
3.97727282908988,0.014
3.97785288585556,0.014
3.97843294262125,0.014
3.97901299938693,0.014
3.97959305615261,0.014
3.9801731129183,0.014
3.98075316968398,0.014
3.98133322644966,0.014
3.98191328321535,0.014
3.98249333998103,0.014
3.98307339674671,0.014
3.9836534535124,0.014
3.98423351027808,0.014
3.98481356704377,0.014
3.98539362380945,0.014
3.98597368057513,0.014
3.98655373734082,0.014
3.9871337941065,0.014
3.98771385087218,0.014
3.98829390763787,0.014
3.98887396440355,0.014
3.98945402116923,0.014
3.99003407793492,0.014
3.9906141347006,0.014
3.99119419146628,0.014
3.99177424823197,0.014
3.99235430499765,0.014
3.99293436176333,0.013
3.99351441852902,0.013
3.9940944752947,0.013
3.99467453206038,0.013
3.99525458882607,0.013
3.99583464559175,0.013
3.99641470235744,0.013
3.99699475912312,0.013
3.9975748158888,0.013
3.99815487265449,0.013
3.99873492942017,0.013
3.99931498618585,0.013
3.99989504295154,0.013
4.00047509971722,0.013
4.0010551564829,0.013
4.00163521324859,0.013
4.00221527001427,0.013
4.00279532677995,0.013
4.00337538354564,0.013
4.00395544031132,0.013
4.004535497077,0.013
4.00511555384269,0.013
4.00569561060837,0.013
4.00627566737406,0.013
4.00685572413974,0.013
4.00743578090542,0.013
4.00801583767111,0.013
4.00859589443679,0.013
4.00917595120247,0.013
4.00975600796816,0.013
4.01033606473384,0.013
4.01091612149952,0.013
4.01149617826521,0.013
4.01207623503089,0.013
4.01265629179657,0.013
4.01323634856226,0.013
4.01381640532794,0.013
4.01439646209362,0.013
4.01497651885931,0.013
4.01555657562499,0.013
4.01613663239067,0.013
4.01671668915636,0.013
4.01729674592204,0.013
4.01787680268773,0.013
4.01845685945341,0.013
4.01903691621909,0.013
4.01961697298478,0.013
4.02019702975046,0.013
4.02077708651614,0.013
4.02135714328183,0.013
4.02193720004751,0.013
4.02251725681319,0.013
4.02309731357888,0.013
4.02367737034456,0.013
4.02425742711024,0.013
4.02483748387593,0.013
4.02541754064161,0.013
4.02599759740729,0.013
4.02657765417298,0.013
4.02715771093866,0.013
4.02773776770434,0.013
4.02831782447003,0.013
4.02889788123571,0.013
4.0294779380014,0.013
4.03005799476708,0.013
4.03063805153276,0.013
4.03121810829845,0.013
4.03179816506413,0.013
4.03237822182981,0.013
4.0329582785955,0.013
4.03353833536118,0.013
4.03411839212686,0.013
4.03469844889255,0.013
4.03527850565823,0.013
4.03585856242391,0.013
4.0364386191896,0.013
4.03701867595528,0.013
4.03759873272096,0.013
4.03817878948665,0.013
4.03875884625233,0.013
4.03933890301801,0.013
4.0399189597837,0.013
4.04049901654938,0.013
4.04107907331507,0.013
4.04165913008075,0.013
4.04223918684643,0.013
4.04281924361212,0.013
4.0433993003778,0.013
4.04397935714348,0.013
4.04455941390917,0.013
4.04513947067485,0.013
4.04571952744053,0.013
4.04629958420622,0.013
4.0468796409719,0.013
4.04745969773758,0.013
4.04803975450327,0.013
4.04861981126895,0.013
4.04919986803464,0.013
4.04977992480032,0.012
4.050359981566,0.012
4.05094003833169,0.012
4.05152009509737,0.012
4.05210015186305,0.012
4.05268020862874,0.012
4.05326026539442,0.012
4.0538403221601,0.012
4.05442037892579,0.012
4.05500043569147,0.012
4.05558049245715,0.012
4.05616054922284,0.012
4.05674060598852,0.012
4.0573206627542,0.012
4.05790071951989,0.012
4.05848077628557,0.012
4.05906083305126,0.012
4.05964088981694,0.012
4.06022094658262,0.012
4.06080100334831,0.012
4.06138106011399,0.012
4.06196111687967,0.012
4.06254117364536,0.012
4.06312123041104,0.012
4.06370128717672,0.012
4.06428134394241,0.012
4.06486140070809,0.012
4.06544145747377,0.012
4.06602151423946,0.012
4.06660157100514,0.012
4.06718162777082,0.012
4.06776168453651,0.012
4.06834174130219,0.012
4.06892179806787,0.012
4.06950185483356,0.012
4.07008191159924,0.012
4.07066196836493,0.012
4.07124202513061,0.012
4.07182208189629,0.012
4.07240213866198,0.012
4.07298219542766,0.012
4.07356225219334,0.012
4.07414230895903,0.012
4.07472236572471,0.012
4.07530242249039,0.012
4.07588247925608,0.012
4.07646253602176,0.012
4.07704259278744,0.012
4.07762264955313,0.012
4.07820270631881,0.012
4.07878276308449,0.012
4.07936281985018,0.012
4.07994287661586,0.012
4.08052293338154,0.012
4.08110299014723,0.012
4.08168304691291,0.012
4.0822631036786,0.012
4.08284316044428,0.012
4.08342321720996,0.012
4.08400327397565,0.012
4.08458333074133,0.012
4.08516338750701,0.012
4.0857434442727,0.012
4.08632350103838,0.012
4.08690355780406,0.012
4.08748361456975,0.012
4.08806367133543,0.012
4.08864372810111,0.012
4.0892237848668,0.012
4.08980384163248,0.012
4.09038389839816,0.012
4.09096395516385,0.012
4.09154401192953,0.012
4.09212406869521,0.012
4.0927041254609,0.012
4.09328418222658,0.012
4.09386423899227,0.012
4.09444429575795,0.012
4.09502435252363,0.012
4.09560440928932,0.012
4.096184466055,0.012
4.09676452282068,0.012
4.09734457958637,0.012
4.09792463635205,0.012
4.09850469311773,0.012
4.09908474988342,0.012
4.0996648066491,0.012
4.10024486341478,0.012
4.10082492018047,0.012
4.10140497694615,0.012
4.10198503371184,0.012
4.10256509047752,0.012
4.1031451472432,0.012
4.10372520400889,0.012
4.10430526077457,0.012
4.10488531754025,0.012
4.10546537430594,0.012
4.10604543107162,0.012
4.1066254878373,0.012
4.10720554460299,0.012
4.10778560136867,0.012
4.10836565813435,0.012
4.10894571490004,0.012
4.10952577166572,0.012
4.1101058284314,0.012
4.11068588519709,0.012
4.11126594196277,0.012
4.11184599872845,0.012
4.11242605549414,0.012
4.11300611225982,0.012
4.11358616902551,0.012
4.11416622579119,0.012
4.11474628255687,0.012
4.11532633932256,0.012
4.11590639608824,0.012
4.11648645285392,0.012
4.11706650961961,0.012
4.11764656638529,0.012
4.11822662315097,0.012
4.11880667991666,0.012
4.11938673668234,0.012
4.11996679344802,0.012
4.12054685021371,0.012
4.12112690697939,0.012
4.12170696374507,0.012
4.12228702051076,0.012
4.12286707727644,0.012
4.12344713404212,0.012
4.12402719080781,0.012
4.12460724757349,0.012
4.12518730433918,0.012
4.12576736110486,0.011
4.12634741787054,0.011
4.12692747463623,0.011
4.12750753140191,0.011
4.12808758816759,0.011
4.12866764493328,0.011
4.12924770169896,0.011
4.12982775846464,0.011
4.13040781523033,0.011
4.13098787199601,0.011
4.13156792876169,0.011
4.13214798552738,0.011
4.13272804229306,0.011
4.13330809905874,0.011
4.13388815582443,0.011
4.13446821259011,0.011
4.13504826935579,0.011
4.13562832612148,0.011
4.13620838288716,0.011
4.13678843965285,0.011
4.13736849641853,0.011
4.13794855318421,0.011
4.1385286099499,0.011
4.13910866671558,0.011
4.13968872348126,0.011
4.14026878024695,0.011
4.14084883701263,0.011
4.14142889377831,0.011
4.142008950544,0.011
4.14258900730968,0.011
4.14316906407536,0.011
4.14374912084105,0.011
4.14432917760673,0.011
4.14490923437241,0.011
4.1454892911381,0.011
4.14606934790378,0.011
4.14664940466947,0.011
4.14722946143515,0.011
4.14780951820083,0.011
4.14838957496652,0.011
4.1489696317322,0.011
4.14954968849788,0.011
4.15012974526357,0.011
4.15070980202925,0.011
4.15128985879493,0.011
4.15186991556062,0.011
4.1524499723263,0.011
4.15303002909198,0.011
4.15361008585767,0.011
4.15419014262335,0.01
